Country,composite_indicator
NGA,1
BRA,2.2699999999999996
FRA,2.11
CHN,0.9400000000000001
USA,2.65
